<?xml version="1.0" encoding="UTF-8"?>
<con:config xmlns:con="http://www.sourceid.org/2004/05/config">
    <con:map name="scope-descriptions">
        <con:item name="admin">Request Admin Privileges</con:item>
        <con:item name="edit">Request Edit Privileges</con:item>
    </con:map>
    <con:map name="scope-group-descriptions"/>
    <con:map name="scope-group-mappings"/>
    <con:map name="exclusive-scope-descriptions"/>
    <con:map name="exclusive-scope-group-descriptions"/>
    <con:map name="exclusive-scope-group-mappings"/>
    <con:item name="default-scope-description">Read permssions (Default)</con:item>
</con:config>