<?xml version="1.0" encoding="UTF-8"?>
<urn:AdapterConfiguration authnCtxClassRef="" isInheritAttributeSettings="false" isInheritAttributeMapping="false" maskOgnlValues="false" isInheritExtendedContractAttributes="false" name="Adapter Chain" xmlns:urn="urn:sourceid.org:saml2:adapter:conf">
    <urn:Fields>
        <urn:Field name="Attribute Insertion">Add To Back</urn:Field>
    </urn:Fields>
    <urn:AdvancedFields/>
    <urn:Tables>
        <urn:Table name="Adapters">
            <urn:Row>
                <urn:Field name="Adapter Instance">LDAPLogin</urn:Field>
                <urn:Field name="Policy">Required</urn:Field>
                <urn:Field name="AuthN Context Weight">3</urn:Field>
                <urn:Field name="AuthN Context Override"/>
            </urn:Row>
            <urn:Row>
                <urn:Field name="Adapter Instance">MyFormAdapter</urn:Field>
                <urn:Field name="Policy">Required</urn:Field>
                <urn:Field name="AuthN Context Weight">3</urn:Field>
                <urn:Field name="AuthN Context Override"/>
            </urn:Row>
        </urn:Table>
        <urn:Table name="Input User Id Mapping"/>
        <urn:Table name="Attribute Name Synonyms"/>
    </urn:Tables>
    <urn:ExtendedContractAttributes>
        <urn:AttributeName>username</urn:AttributeName>
    </urn:ExtendedContractAttributes>
    <urn:UniqueKeyField>username</urn:UniqueKeyField>
    <urn:AttributeMapping>
        <urn1:AttributeMap Name="username" Type="Adapter" Value="username" xmlns:urn1="urn:sourceid.org:saml2:metadata-extension:v2"/>
        <urn1:TokenAuthorizationIssuanceCriteria xmlns:urn1="urn:sourceid.org:saml2:metadata-extension:v2"/>
    </urn:AttributeMapping>
</urn:AdapterConfiguration>