<?xml version="1.0" encoding="UTF-8"?>
<urn:PluginConfiguration isInheritExtendedContractAttributes="false" name="PCV: User Joe" xmlns:urn="urn:sourceid.org:saml2:adapter:conf">
    <urn:Fields/>
    <urn:AdvancedFields/>
    <urn:Tables>
        <urn:Table name="Users">
            <urn:Row>
                <urn:Field name="Username">joe</urn:Field>
                <urn:Field name="Password">lKoosUk8LUMnNw6z7AM0ElxvIz8w9ItypQIi-ocdcjw.gEYUaJA-.2</urn:Field>
                <urn:Field name="Confirm Password">j7nsJJWlcvdoZeITV6KE7-Vz9e3dgALn0cltN2rm8to.mnZlihYG.2</urn:Field>
            </urn:Row>
            <urn:Row>
                <urn:Field name="Username">jsaml</urn:Field>
                <urn:Field name="Password">koxxXIGhfBu07UBByzeYbyPpH7um2JlVmFmqLGKnmzY._Sb79n58.2</urn:Field>
                <urn:Field name="Confirm Password">S84Jz0N4uPXHprGdrP_pfm9DAKyfGCqfldhnbK5HpAw.Z90_6gmn.2</urn:Field>
            </urn:Row>
        </urn:Table>
    </urn:Tables>
</urn:PluginConfiguration>