<?xml version="1.0" encoding="UTF-8"?>
<ldap:ldap-sources xmlns:ldap="http://pingidentity.com/2004/09/ldap-ds">
    <ldap:ldap-source id="LDAP-C12503FF89ED76AB95FBB53B3980245E02F0EE91" maskAttributeValues="false" ldapType="Generic" ldapTypeDesc="Generic" testOnBorrow="false" testOnReturn="false" createIfNecessary="true" minIdle="10" maxActive="100" maxWait="-1" timeBetweenEvictionRunsMillis="60000" readTimeoutMillis="3000" connTimeoutMillis="3000" verifyHost="true">
        <ldap:host>ldap.int.wal-ping.com:636</ldap:host>
        <ldap:principal>cn=Administrator,dc=wal-ping,dc=com</ldap:principal>
        <ldap:use-ssl>true</ldap:use-ssl>
        <ldap:credentials>eyJhbGciOiJkaXIiLCJlbmMiOiJBMTI4Q0JDLUhTMjU2Iiwia2lkIjoiZWJ1a1JoNlFmMCIsInZlcnNpb24iOiI5LjAuMC4xMCJ9..L1yCOMC3AVyG_q6ATt47fg.Q7wnIGp0PcFJ2mrCkmaqpw.UQxdLPMfbQZSCkH6LVQAoQ</ldap:credentials>
        <ldap:authenticationMeth>simple</ldap:authenticationMeth>
        <ldap:description>ldap.int.wal-ping.com:636</ldap:description>
        <ldap:binaryAttributes/>
    </ldap:ldap-source>
</ldap:ldap-sources>